{
	"node": {
        "nodeId": 2,
		"maxNumNodes": 6,
		"platform": "generic",
		"nodeUpdateTimeout": 5.0,
		"FCCommWriteInterval": 0.2,
		"FCCommDevice": "",
		"FCBaudrate": 57600,
    	"cmdInterval": 0.2,
    	"logInterval": 0.05,
		"commType": "TDMA",
		"numMeshNetworks": 1,
		"meshDevices": ["/dev/ttyUSB0"],
    	"radios": ["Xbee"],
    	"msgParsers": ["HDLC"],
		"meshBaudrate": 57600,
		"parseMsgMax": 50,
		"rxBufferSize": 2000,
        "gcsPresent": true
	},

	"interface": {
        "nodeCommIntIP": "127.0.0.1",
        "commRdPort": 30000,
        "commWrPort": 30001
	},
		
	"tdmaConfig": {
		"sleepPin": "P8_12",
		"enableLength": 0.005,
		"slotGuardLength": 0.005,
		"preTxGuardLength": 0.005,
		"postTxGuardLength": 0.005,
		"txLength": 0.100,
		"rxDelay": 0.0,
        "initTimeToWait": 60.0,
		"maxNumSlots": 6,
		"desiredDataRate": 1.0,
		"initSyncBound": 1,
		"operateSyncBound": 2,
		"offsetTimeout": 60.0,
        "offsetTxInterval": 10.0,
        "statusTxInterval": 10.0,
        "linksTxInterval": 30.0,
		"linkTimeout": 60.0,
        "adminBytesMaxLength": 100,
        "msgPayloadMaxLength": 500,
		"blockTxMaxLength": 50,
        "blockTxReceiptTimeout": 3,
        "blockTxPacketRetry": 1,
        "blockTxEndMult": 1.5,
        "fpga": false,
        "fpgaFailsafePin": "P8_16",
        "fpgaFifoSize": 512,
        "enablePin": "P8_15", 
        "statusPin": "P8_18",
        "recvAllMsgs": true,
        "adminEnable": true,
        "adminLength": 100,
        "restartDelay": 3,
        "pollTimeout": 60
	}

}
